unit,group,subgroup,doubtful
AI and Ideas Adoption,Professional Services,IT and Digital,
ALC Administration,Humanities,School of Arts Languages and Cultures,
Accounting and Finance Division,Professional Services,Finance,
Alliance MBS Administration,Humanities,Alliance Manchester Business School,
Architecture,Humanities,School of Arts Languages and Cultures,
Art History and Cultural Practices,Humanities,School of Arts Languages and Cultures,
Assoc Heads of University Administration,Professional Services,Governance and Executive,
Assoc of Higher Education Professionals,Professional Services,Governance and Executive,
BP International Centre for Adv Mats,FSE,Cross-faculty Research Institutes,
Board Secretariat,Professional Services,Governance and Executive,
Buildings and Operations,Professional Services,Estates,
Business Engagement & Knowledge Exchange,Professional Services,Research and Business Engagement,
Campus Life,Professional Services,Student and Campus Services,
Campus Support and Security,Professional Services,Estates,
Campus Technology Services,Professional Services,IT and Digital,
Cancer Research UK Manchester Institute,FBMH,Cross-faculty Research Institutes,
Car Park Services,Professional Services,Estates,
Cathie Marsh Institute,Humanities,School of Social Sciences,
"Classics, Anc Hist, Archaeol & Egyptol",Humanities,School of Arts Languages and Cultures,
Collection Strategies,Professional Services,Library and Cultural Institutions,
Collections,Professional Services,Library and Cultural Institutions,
Collections Care and Access,Professional Services,Library and Cultural Institutions,
Commercial,Professional Services,Estates,
Comms and Marketing - General Office,Professional Services,Communications and Marketing,
Communications,Professional Services,Communications and Marketing,
Compliance and Risk Office,Professional Services,Governance and Executive,
Conferences and Venues,Professional Services,Estates,
Confucius Institute,Humanities,Cross-faculty Research Institutes,
Creative Manchester,Professional Services,Communications and Marketing,
Criminology,Humanities,School of Social Sciences,
Dalton Nuclear Institute,FSE,Cross-faculty Research Institutes,
Department of Chemical Engineering,FSE,School of Engineering,
Department of Chemistry,FSE,School of Natural Sciences,
Department of Computer Science,FSE,School of Engineering,
Department of Earth & Environmental Sci,FSE,School of Natural Sciences,
Department of Electrical & Electron Eng,FSE,School of Engineering,
Department of Materials,FSE,School of Natural Sciences,
Department of Mathematics,FSE,School of Natural Sciences,
Department of Physics and Astronomy,FSE,School of Natural Sciences,
Dept of Civil Eng & Management,FSE,School of Engineering,
Dept of Mech & Aero Eng,FSE,School of Engineering,
Development and Alumni,Professional Services,Communications and Marketing,
Digital,Professional Services,IT and Digital,
Directorate Office,Professional Services,Governance and Executive,
Directorate Services,Professional Services,Governance and Executive,
Directorate of Estates,Professional Services,Estates,
Division of Cancer Sciences,FBMH,School of Medical Sciences,
Division of Cardiovascular Sciences,FBMH,School of Medical Sciences,
Division of Cell Matrix Biol & Regen Med,FBMH,School of Biological Sciences,
Division of Dentistry,FBMH,School of Medical Sciences,
Division of Developmental Biology & Med,FBMH,School of Medical Sciences,
"Division of Diabetes, Endocrinol & Gastr",FBMH,School of Medical Sciences,
"Division of Evolut, Infection & Genomics",FBMH,School of Biological Sciences,
"Division of Informatics, Imag & Data Sci",FBMH,School of Health Sciences,
Division of Medical Education,FBMH,School of Medical Sciences,
Division of Molecular and Cellular Funct,FBMH,School of Biological Sciences,
Division of Musculoskel & Dermatol Sci,FBMH,School of Biological Sciences,
Division of Neuroscience,FBMH,School of Biological Sciences,
"Division of Nursing, Midwif & Soc. Work",FBMH,School of Health Sciences,
Division of Pharmacy and Optometry,FBMH,School of Health Sciences,
"Division of Pop Health, Health Serv Res",FBMH,School of Health Sciences,
Division of Psychology and Mental Health,FBMH,School of Health Sciences,
Drama and Film,Humanities,School of Arts Languages and Cultures,
Economics,Humanities,Alliance Manchester Business School,
Education,Humanities,School of Environment Education and Development,
"Education, Experience & Strat Insights",Professional Services,Student and Campus Services,
Employee Relations and Policy,Professional Services,People and OD,
"Eng, American Studies & Creative Writing",Humanities,School of Arts Languages and Cultures,
Enterprise and Business Architecture,Professional Services,IT and Digital,
Environmental Services,Professional Services,Estates,
"Equality, Diversity and Inclusion",Professional Services,People and OD,
Estates Support,Professional Services,Estates,
Estates Surveying,Professional Services,Estates,
Estates Sustainability,Professional Services,Estates,
Executive Director`s Office,Professional Services,Governance and Executive,
Executive Education Centre,Humanities,Alliance Manchester Business School,
"FBMH Planning, Compliance and Governance",FBMH,Faculty Office,
FBMH Research and Innovation,FBMH,Faculty Office,
FBMH Social Responsibility,FBMH,Faculty Office,
"FBMH Teach, Learn and Student Experience",FBMH,Faculty Office,
FBMH Technical Services,FBMH,Faculty Office,
FSE Communication and Marketing,FSE,Faculty Office,
FSE Faculty Office - Dean,FSE,Faculty Office,
FSE Faculty Office - General,FSE,Faculty Office,
"FSE Planning, Compliance & Spec Projects",FSE,Faculty Office,
FSE Research & Business Services,FSE,Faculty Office,
"FSE Teach, Learn and Student Experience",FSE,Faculty Office,
FSE Technical Services,FSE,Faculty Office,
Facilities Maintenance and Compliance,Professional Services,Estates,
Faculty Office - BMH - Administration,FBMH,Faculty Office,
Financial Analysis and Reporting,Professional Services,Finance,
Financial Services,Professional Services,Finance,
Future Foundations,Professional Services,Student and Campus Services,
Geography,Humanities,School of Environment Education and Development,
Global Development Institute,Humanities,School of Environment Education and Development,
Graphene Engineering Innovation Centre,FSE,Cross-faculty Research Institutes,
History,Humanities,School of Arts Languages and Cultures,
Hospitality and Events,Professional Services,Estates,
House Services,Professional Services,Estates,
Humanitarian and Conflict Response Inst,Humanities,School of Social Sciences,
Humanities Dean`s Office,Humanities,Faculty Office,
Humanities Marketing and Communications,Humanities,Faculty Office,
Humanities Postgraduate Support Services,Humanities,Faculty Office,
Humanities Research and Business Engage,Humanities,Faculty Office,
Humanities Technical Operations,Humanities,Faculty Office,
"Humanities-Teaching, Learn & Student Exp",Humanities,Faculty Office,
IT Services Research IT,Professional Services,IT and Digital,
"Immunol, Immunity to Infect & Resp Medic",FBMH,School of Biological Sciences,
Information Governance,Professional Services,IT and Digital,
Information Security,Professional Services,IT and Digital,
Innovation Management and Policy,Professional Services,Research and Business Engagement,
International Development,Professional Services,Student and Campus Services,
JBCE Directors Office,Professional Services,Library and Cultural Institutions,
JBCE Education,Professional Services,Library and Cultural Institutions,
JBCE Marketing,Professional Services,Library and Cultural Institutions,
JBCE Operations,Professional Services,Library and Cultural Institutions,
JBCE Public Engagement,Professional Services,Library and Cultural Institutions,
JBCE Retail,Professional Services,Library and Cultural Institutions,
John Rylands Research Institute,Humanities,Library and Cultural Institutions,
Law,Humanities,School of Social Sciences,
Leadership,Professional Services,People and OD,
Learning & Participation,Professional Services,Library and Cultural Institutions,
Legal Affairs,Professional Services,Governance and Executive,
Linguistics and English Language,Humanities,School of Arts Languages and Cultures,
MBA and Global Programmes,Humanities,Alliance Manchester Business School,
Management Sciences and Marketing,Humanities,Alliance Manchester Business School,
Manchester Cancer Research Centre,FBMH,Cross-faculty Research Institutes,
Manchester China Institute,Humanities,Cross-faculty Research Institutes,
Manchester Institute of Biotechnology,FSE,Cross-faculty Research Institutes,
Manchester University Press,Professional Services,Library and Cultural Institutions,
Manchester Urban Institute,Humanities,Cross-faculty Research Institutes,
Masood Entrepreneurship Centre,Humanities,Alliance Manchester Business School,
Mcr Institute of Innovation Research,Humanities,Alliance Manchester Business School,
Media Services,Professional Services,Communications and Marketing,
Modern Languages and Cultures,Humanities,School of Arts Languages and Cultures,
Museum Development North,Professional Services,Library and Cultural Institutions,
Music,Humanities,School of Arts Languages and Cultures,
National Biomarker Centre,FBMH,Cross-faculty Research Institutes,
National Graphene Institute,FSE,Cross-faculty Research Institutes,
Office for Social Responsibility,Professional Services,Research and Business Engagement,
Office of the Chief Information Officer,Professional Services,IT and Digital,
Organisational Effectiveness and Culture,Professional Services,People and OD,
Partnering Team,Professional Services,Research and Business Engagement,
Partnerships and Engagement,Professional Services,Research and Business Engagement,
People Management and Organisations,Professional Services,People and OD,
People Partners,Professional Services,People and OD,
People Services,Professional Services,People and OD,
Philosophy,Humanities,School of Arts Languages and Cultures,
Photon Science Institute,FSE,Cross-faculty Research Institutes,
Planning,Professional Services,Governance and Executive,
"Planning, Property and Env Man",Humanities,School of Environment Education and Development,
Policy @ Manchester,Professional Services,Research and Business Engagement,
Politics,Humanities,School of Social Sciences,
President and Vice Chancellor Office,Professional Services,Governance and Executive,
Procurement,Professional Services,Finance,
Productivity Institute,Humanities,Cross-faculty Research Institutes,
Projects Team,Professional Services,IT and Digital,
"Psych, Comm, Human Neuroscience",FBMH,School of Health Sciences,
Radiological Protection Services,Professional Services,Estates,
Registrar Secretary and COO Office,Professional Services,Governance and Executive,
Religions and Theology,Humanities,School of Arts Languages and Cultures,
Research Services,Professional Services,Research and Business Engagement,
Research Services Project Funding,Professional Services,Research and Business Engagement,
Residential and Sport Services Division,Professional Services,Student and Campus Services,
"Reward, Benefits and Pensions",Professional Services,People and OD,
SEED Administration,Humanities,School of Environment Education and Development,
SEED Research Centres,Humanities,School of Environment Education and Development,
Safety Services,Professional Services,Estates,
School of Biological Sciences Admin,FBMH,School of Biological Sciences,
School of Engineering Administration,FSE,School of Engineering,
School of Health Sciences Administration,FBMH,School of Health Sciences,
School of Medical Sciences Admin,FBMH,School of Medical Sciences,
School of Natural Sciences Admin,FSE,School of Natural Sciences,
Sir Henry Royce Institute for Adv Mats,FSE,Cross-faculty Research Institutes,
SoSS Research Centres,Humanities,School of Social Sciences,
Social Anthropology,Humanities,School of Social Sciences,
Social Sciences Administration,Humanities,School of Social Sciences,
Social Statistics,Humanities,School of Social Sciences,
Sociology,Humanities,School of Social Sciences,
Special Collections,Professional Services,Library and Cultural Institutions,
Strategic Change Office,Professional Services,Governance and Executive,
Student Marketing,Professional Services,Communications and Marketing,
Student and Academic Services,Professional Services,Student and Campus Services,
Sustainable Consumption Institute,Humanities,Cross-faculty Research Institutes,
Talent Attraction,Professional Services,People and OD,
Talent Development,Professional Services,People and OD,
"Teaching, Learning & Student Development",Professional Services,People and OD,
Thomas Ashton Institute,Humanities,Cross-faculty Research Institutes,
UK Student Recruitment,Professional Services,Student and Campus Services,
Unit M,Professional Services,Research and Business Engagement,
University Centre for Academic English,Professional Services,Student and Campus Services,
University Librarian,Professional Services,Library and Cultural Institutions,
University Marketing,Professional Services,Communications and Marketing,
University of Manchester at Harwell,FSE,Cross-faculty Research Institutes,
Visitor Team,Professional Services,Library and Cultural Institutions,
Whitworth Art Gallery Administration,Professional Services,Library and Cultural Institutions,